mpn,kategooria
CRCW0402100KFKED,resistors
CRCW040210K0FKED,resistors
CRCW04021K00FKED,resistors
CRCW060310K0FKEA,resistors
CRCW080510K0FKEA,resistors
CRCW04024K70FKED,resistors
ERJ6ENF1002V,resistors
ERJ3EKF1003V,resistors
ERJ3BWFR050V,resistors
CRCW0805330RJNEAIF,resistors
CRCW06031K00JNEA,resistors
ERA6APB562V,resistors
MMU01020C1009FB300,resistors
ERJ6GEYJ470V,resistors
ERJ3EKF3571V,resistors
ERJ3EKF2371V,resistors
ERJ3EKF80R6V,resistors
CRCW060310K0JNEA,resistors
CRG1206F390R,resistors
RC0402FR-0733R2L,resistors
YR1B21KCC,resistors
ERJ2RKF1623X,resistors
RC0805FR-071K8L,resistors
CRCW080510R0FKEAHP,resistors
CRCW0402100KJNED,resistors
ERJ2RKF2003X,resistors
ERA3AEB202V,resistors
CRCW12064K70FKEA,resistors
CRCW0603680RFKEA,resistors
RC0805FR-0718KL,resistors
RC0603FR-07180KL,resistors
CRCW06032K20FKEA,resistors
RC0603FR-0756RL,resistors
CRCW08051K60FKEA,resistors
RC0402FR-0751RL,resistors
ERJ3EKF7152V,resistors
CRCW12061R00FKEA,resistors
ERA6AEB202V,resistors
CRCW020147K0FNED,resistors
CRCW0402120RFKED,resistors
CRCW04022K20FKED,resistors
RC2512FK-0722RL,resistors
CRCW060322K0FKEA,resistors
ERA6AEB103V,resistors
CRCW06034K30FKEA,resistors
CRCW25121M00FKEG,resistors
CRCW06031K00FKEA,resistors
CRCW040212K0FKED,resistors
CRCW060315K0FKEA,resistors
ERA6AEB242V,resistors
CRCW0402100RFKED,resistors
CRCW0603100KFKEA,resistors
RC0402FR-071K8L,resistors
ERA3AEB682V,resistors
CRCW080547K0FKEAHP,resistors
RC0402FR-07150KL,resistors
CRCW12062K20FKEA,resistors
CRCW060362K0FKEA,resistors
ERJ2GEJ201X,resistors
RC1206FR-078R2L,resistors
RC0603FR-0747RL,resistors
RC0603FR-07150KL,resistors
ERJPA3F10R0V,resistors
RC0402FR-07120KL,resistors
CRCW080510K0JNEA,resistors
ERA3ARB202V,resistors
CRCW1206100KFKEA,resistors
WR04X1500FTL,resistors
CRCW04022R00FKED,resistors
ERJPA2F1002X,resistors
ERJ6ENF2200V,resistors
ERJ6ENF2672V,resistors
ERA2AEB101X,resistors
CPF0402B1K0E1,resistors
ERJ2RKF2201X,resistors
WR06X4701FTL,resistors
ERJ6ENF3901V,resistors
ERJ3EKF47R0V,resistors
WYO472MCMCF0KR,capacitors
08055C104JAT2A,capacitors
CC0402KRX5R6BB105,capacitors
CC0402JRNPO9BN470,capacitors
CC0603JRNPO9BN151,capacitors
CC0603JRNPO9BN100,capacitors
CC0805KRX7R9BB473,capacitors
CC0603JRNPO9BN470,capacitors
GCM21BR71E225KA73L,capacitors
GCM188R71H224KA64D,capacitors
C0603C104K5RACAUTO,capacitors
06031A151JAT2A,capacitors
CC0805KRX7R9BB472,capacitors
F332K69Y5RN63K7R,capacitors
08055C104KAT2A,capacitors
CC0603JRNPO9BN220,capacitors
0402B104K160CT,capacitors
VY1472M51Y5VQ63V0,capacitors
C1206X104J3GACTU,capacitors
GCM155R71H102KA37D,capacitors
VY2222M31Y5VS63V7,capacitors
0402B273K160CT,capacitors
0603B103K500CT,capacitors
GCM188R70J225KE22D,capacitors
1206X226K160CT,capacitors
0603X105K250CT,capacitors
ZRB18AR61E106ME01L,capacitors
GCM188R71C474KA55D,capacitors
VJ0603A100JXAAC,capacitors
0603X105K160CT,capacitors
C0603C105Z8VACTU,capacitors
C1206C105J5RACTU,capacitors
VJ0603Y102KXACW1BC,capacitors
GRM31CC80E227ME11L,capacitors
04025A101JAT2A,capacitors
CC0603KRX7R9BB101,capacitors
VJ1812Y104KXCAT,capacitors
C0603X104J5RACAUTO,capacitors
C0805C331J5GACAUTO,capacitors
12061C105K4T2A,capacitors
C0402C470J5GACAUTO,capacitors
C0805C474K3RACAUTO,capacitors
0805N220J500CT,capacitors
C1812C474KARACTU,capacitors
C0805C222J2GACAUTO,capacitors
GRM0335C1E101JA01D,capacitors
C0402C104M3RACTU,capacitors
1206B223K500CT,capacitors
1206B103K500CT,capacitors
GRM31C5C1H104JA01L,capacitors
C1206C106M3RACTU,capacitors
0402B472J500CT,capacitors
C1206C104J1RACTU,capacitors
GRM0335C1H101JA01D,capacitors
CC0603MRY5V9BB104,capacitors
C0805C104Z3VACTU,capacitors
0402B681K500CT,capacitors
0805B102K500CT,capacitors
0402B103J250CT,capacitors
GRM188R6YA225KA12D,capacitors
C1206C685K4RACTU,capacitors
C1206C221JDGACTU,capacitors
0402B471K500CT,capacitors
GCM21BR7YA105KA55L,capacitors
GCJ31CC71H475KA01L,capacitors
GCM1885C2A181FA16D,capacitors
GCM32DC72A475KE02K,capacitors
0402X474K250CT,capacitors
GRM0335C1H101GA01D,capacitors
MT18B104K500CT,capacitors
GRM155R71E104KE14J,capacitors
CC0402KRX6S5BB105,capacitors
GRM31A5C3A100JW01D,capacitors
CAS17C102KARFC,capacitors
GCJ32EC71H106KA01L,capacitors
08055A332JAT2A,capacitors
GCM155R71E472KA37D,capacitors
GCD188R71H472KA01D,capacitors
GCJ31BR72J103KXJ1L,capacitors
GRM188R72A223KAC4D,capacitors
GA355ER7GB473KW01L,capacitors
GCM188R71H224KA64J,capacitors
CC0603FRNPO9BN120,capacitors
19050257,led diodes
HLMP-3950,led diodes
19041253,led diodes
598-8130-107F,led diodes
10-2K19.1052,led diodes
597-3901-830F,led diodes
677-501-23,led diodes
19040257,led diodes
19080350,led diodes
19380250M,led diodes
19000352,led diodes
19021253,led diodes
195F1230,led diodes
Q8R1CXXR12E,led diodes
Q8P1CXXY12E,led diodes
HSMD-A100-J00J1,led diodes
KA-3528SECKT,led diodes
KP-1608SEC,led diodes
KPA-3010QBC-D,led diodes
HSMY-C170,led diodes
HSMG-C280,led diodes
KPG-1608SYKC-T,led diodes
KPTD-3216ZGC,led diodes
KPT-3216SYCK,led diodes
KPTL-3216QBC-D,led diodes
KA-2810ASYSK,led diodes
HSMA-A401-U45M1,led diodes
KA-2810ACGSK,led diodes
SML-E12D8WT86,led diodes
VLMR233T2V2-GS08,led diodes
SML-811UTT86A,led diodes
SML-S13UTT68,led diodes
TLHK5800,led diodes
VLMS333T2V2-GS08,led diodes
ALMD-LG37-XZ002,led diodes
HSMC-C170-T0000,led diodes
SML-D15U2WT86,led diodes
SML-H12U8TT86C,led diodes
SML-822MV8WT86,led diodes
SML-D15VWT86,led diodes
SML-D14VWT86C,led diodes
KPHD-1608LVSURCK,led diodes
SML-D13UWT86C,led diodes
HSMC-C191-T0000,led diodes
KPTD-2012LVSURCK,led diodes
HSMF-C115,led diodes
SML-811UTT86C,led diodes
ASMB-TTF2-0B20B,led diodes
SML-D13VWT86C,led diodes
SML-D14U2WT86C,led diodes
SML-Z14VTT86A,led diodes
SML-011VTT86A,led diodes
SML-Z14V4TT86,led diodes
SML-Z14U4TT86,led diodes
SMLVN6RGB7W1,led diodes
SML-522MUWT86,led diodes
SMLVN6RGB1W1,led diodes
SML-D13U8WT86,led diodes
SML-A12V8TT86,led diodes
SMLVN6RGB1U1,led diodes
VLDR1235G,led diodes
ASMB-LTC3-0D335,led diodes
VLMB41P1Q2-GS08,led diodes
VLMK234ABCA-GS08,led diodes
VLMO30L1M2-GS18,led diodes
534-997-63,led diodes
534-930-63,led diodes
XB4BV63,led diodes
XVLA333,led diodes
QS81XXR12,led diodes
QS101XXO24,led diodes
692-997-23,led diodes
604-998-21,led diodes
XVLA343,led diodes
651-105-23,led diodes
604-324-21,led diodes
508-930-20,led diodes
HLMP-P505,led diodes
VLMP23L2M2-GS08,led diodes
SSL-LX5093AD,led diodes
SSL-LX3044GT,led diodes
HSMZ-C110,led diodes
HSMZ-C190,led diodes
KPBD-3224SYKCGKC,led diodes
SSL-LX3044LYD,led diodes
SML-LXL1209SIC-TR,led diodes
SSL-LX2573YD,led diodes
VLMW41R1T1-5K8L-18,led diodes
TLHE5800,led diodes
HSMF-C169,led diodes
SSL-LX5093GT,led diodes
SML-LX23IC-TR,led diodes
SSL-LX5093USBC,led diodes
HSMS-C120,led diodes
SSL-LX5093GD-5V,led diodes
HSMY-A100-L00J1,led diodes
SML-LXR44GC-TR,led diodes
102387-1,connectors
PHR-6,connectors
PHDR-08VS,connectors
770680-5,connectors
1-967412-2,connectors
1473672-1,connectors
PHR-7,connectors
3-640441-2,connectors
770680-4,connectors
207016-1,connectors
GHR-06V-S,connectors
M20-1060400,connectors
828907-1,connectors
1375820-2,connectors
M40-1101000,connectors
171822-3,connectors
174047-2,connectors
03R-JWPF-VSLE-S,connectors
PAP-08V-S,connectors
1473416-1,connectors
G125-2041696L0,connectors
08T-JWPF-VSLE-D,connectors
178289-5,connectors
XAP-10V-1,connectors
180904,connectors
XHP-2,connectors
2-1703639-1,connectors
G125-2042696L0,connectors
828657-3,connectors
VHR-6N,connectors
XHP-9,connectors
776164-4,connectors
1-1418390-1,connectors
G125-2042096L0,connectors
180900,connectors
929975-1,connectors
60617-4,connectors
350690-2,connectors
927837-2,connectors
DF1B-2022SC,connectors
3-967629-1,connectors
2-1703843-1,connectors
365057-3,connectors
104257-5,connectors
1445957-2,connectors
140-510-210-011,connectors
2N3904TFR,transistors
IRFP064NPBF,transistors
SUM110P06-07L-E3,transistors
FDD86252,transistors
IPD053N08N3GATMA1,transistors
STD26P3LLH6,transistors
FDN360P,transistors
DMG1012T-7,transistors
C3M0016120K,transistors
BUTW92,transistors
2SC3906KT146R,transistors
FDC6561AN,transistors
FDS8638,transistors
NDC7002N,transistors
SI4532CDY-T1-GE3,transistors
IRFU014PBF,transistors
STD9N65M2,transistors
STW70N60M2,transistors
STD10P6F6,transistors
STW8N90K5,transistors
IPP60R160P6XKSA1,transistors
BUK7Y2R5-40HX,transistors
STF12N120K5,transistors
CAB450M12XM3,transistors
SIR626DP-T1-RE3,transistors
SIHK045N60E-T1-GE3,transistors
2SCR533P5T100,transistors
SIHP12N60E-GE3,transistors
NTS4101PT1G,transistors
SI4162DY-T1-GE3,transistors
FDD86250,transistors
STN1NK80Z,transistors
IXFH42N60P3,transistors
PSMN4R2-30MLDX,transistors
DMC3016LNS-7,transistors
STP4N80K5,transistors
DMT69M8LFV-7,transistors
IPP114N12N3GXKSA1,transistors
STP20N90K5,transistors
SI7190ADP-T1-RE3,transistors
C3M0075120K,transistors
IPD60R650CEAUMA1,transistors
RQ5A040ZPTL,transistors
SI7540ADP-T1-GE3,transistors
STW12N150K5,transistors
DMTH10H009SPSQ-13,transistors
SCTL90N65G2V,transistors
SCTW70N120G2V,transistors
DMN3060LWQ-7,transistors
SI3585CDV-T1-GE3,transistors
2SC4097T106R,transistors
15C01M-TL-E,transistors
MSA1162GT1G,transistors
STD3NK80ZT4,transistors
STP35N60DM2,transistors
STP7N60M2,transistors
PSMN1R2-25YLDX,transistors
SIHB15N50E-GE3,transistors
IPA60R600P6XKSA1,transistors
SIHA100N60E-GE3,transistors
STD10N60M2,transistors
STS10DN3LH5,transistors
DMN3016LDV-7,transistors
FMMTA92TA,transistors
FMMTA42,transistors
DSS20200L-7,transistors
BCW66HTA,transistors
BC807-16LT1G,transistors
ZXTN25100DFHTA,transistors
ZXTN25020DFH,transistors
MMST2222A-7-F,transistors
PHPT60603NYX,transistors
NSS40200LT1G,transistors
MMBT6520LT1G,transistors
PZT751T1G,transistors
PHPT60610NYX,transistors
MJD44H11T4G,transistors
MJD41CT4G,transistors
MJD340T4,transistors
BSS63LT1G,transistors
MJD5731T4G,transistors
IPD50N04S4L08ATMA1,transistors
IXFY36N20X3,transistors
SI7216DN-T1-E3,transistors
STH240N10F7-2,transistors
IRL40S212ARMA1,transistors
NTD280N60S5Z,transistors
ISZ056N03LF2SATMA1,transistors
IPTC017N12NM6ATMA1,transistors
CY8C29466-24PVXI,microcontrollers
STM8L101F3P6TR,microcontrollers
STM8S103K3T6C,microcontrollers
STM8S005K6T6C,microcontrollers
STM8AF5288TAY,microcontrollers
STM8S105K4T3C,microcontrollers
STM8L151G6U3,microcontrollers
STM8S005C6T6,microcontrollers
C8051F060-GQ,microcontrollers
C8051F011-GQ,microcontrollers
C8051F344-GQ,microcontrollers
MC9S08GT32ACFBE,microcontrollers
MC9S08GT32ACFDE,microcontrollers
C8051F410-GQ,microcontrollers
MSP430G2231IPW14,microcontrollers
MSP430F2013IRSAT,microcontrollers
MSP430G2001IPW14,microcontrollers
MSP430FR5969IRGZR,microcontrollers
MSP430G2230IDR,microcontrollers
MSP430F148IPMR,microcontrollers
MSP430F5359IPZ,microcontrollers
MSP430F2012IPWR,microcontrollers
MSP430G2553IRHB32R,microcontrollers
MSP430F2013IPWR,microcontrollers
MSP430G2553IN20,microcontrollers
MSP430G2112IN20,microcontrollers
MSP430FR2533IRHBT,microcontrollers
MSP430F135IPMR,microcontrollers
MSP430F5172IRSBT,microcontrollers
MSP430F435IPZ,microcontrollers
MSP430FR2100IRLLT,microcontrollers
MSP430F1121AIPW,microcontrollers
MSP430G2203IN20,microcontrollers
MSP430F248TPM,microcontrollers
MSP430G2202IN20,microcontrollers
MSP430G2353IN20,microcontrollers
MSP430F5438AIPZR,microcontrollers
MSP430G2252IPW20,microcontrollers
MSP430G2332IPW14,microcontrollers
MSP430F1232IDW,microcontrollers
MSP430FR5728IRGET,microcontrollers
MSP430F2617TPM,microcontrollers
MSP430FG4618IPZ,microcontrollers
MSP430G2453IPW28,microcontrollers
MSP430FR5739IDA,microcontrollers
MSP430G2302IPW14,microcontrollers
MSP430F5528IRGCR,microcontrollers
MSP430F435IPN,microcontrollers
MSP430F2274IRHAT,microcontrollers
MSP430F2252IDA,microcontrollers
MSP430F6638IPZR,microcontrollers
MSP430F2012IN,microcontrollers
MSP430F156IPM,microcontrollers
MSP430F123IPW,microcontrollers
MSP430F6659IPZ,microcontrollers
MSP430F5342IRGZR,microcontrollers
MSP430F5171IRSBT,microcontrollers
MSP430G2433IRHB32T,microcontrollers
MSP430F5325IPN,microcontrollers
MSP430F425IPM,microcontrollers
MSP430F427IPM,microcontrollers
MSP430F5528IRGCT,microcontrollers
MSP430F2132IRHBT,microcontrollers
MSP430F2619TPM,microcontrollers
MSP430G2452IPW14,microcontrollers
MSP430F5418AIPN,microcontrollers
MSP430F423AIPM,microcontrollers
MSP430FR2632IYQWT,microcontrollers
STM32F439IIT6,microcontrollers
STM32F105R8T6,microcontrollers
STM32F103RET7,microcontrollers
STM32F429IIT6,microcontrollers
STM32F103C8T7,microcontrollers
MK64FN1M0VLQ12,microcontrollers
STM32F303CCT6,microcontrollers
STM32F427ZIT6,microcontrollers
STM32F373VCT6,microcontrollers
STM32F405VGT7,microcontrollers
STM32F405RGT6,microcontrollers
STM32F429NIH6,microcontrollers
STM32F767VIT6,microcontrollers
LPC822M101JDH20J,microcontrollers
STM32F091RCT6,microcontrollers
STM32F429ZET6,microcontrollers
STM32F429BIT6,microcontrollers
STM32F030K6T6,microcontrollers
STM32F401CEY6TR,microcontrollers
STM32F745VGT6,microcontrollers
STM32L476VGT6,microcontrollers
STM32L100RBT6A,microcontrollers
STM32L476RGT6,microcontrollers
STM32L486QGI6,microcontrollers
STM32L051K8U6,microcontrollers
STM32F401CDY6TR,microcontrollers
STM32L151C8T6A,microcontrollers
STM32L011F4P6,microcontrollers
STM32L496VGT6,microcontrollers
CRCW04023K30FKED,resistors
MMU01020C1502FB300,resistors
RC0402FR-07330RL,resistors
ERJ8ENF3301V,resistors
ERJ8ENF12R0V,resistors
SMM02040C2209FB300,resistors
ERJ3EKF6982V,resistors
MCS04020C4701FE000,resistors
ERJ3EKF5600V,resistors
ERA2AEB7150X,resistors
ERJ3EKF1000V,resistors
ERA6AEB9760V,resistors
ERJ3EKF6802V,resistors
ERJ8ENF2201V,resistors
ERJ3EKF8201V,resistors
ERJ6ENF47R0V,resistors
ERJ3EKF9312V,resistors
ERJ8ENF33R2V,resistors
MCT06030D1000BP500,resistors
WR08X6202FTL,resistors
MCT06030C3902FP500,resistors
ERJ3EKF6813V,resistors
GRM1885C1H472JA01D,capacitors
0603N561J500CT,capacitors
CC0201JRNPO8BN120,capacitors
GCM32EC71H106KA03L,capacitors
C1206C560J5GACTU,capacitors
GRM0335C1E470JA01D,capacitors
C1206C220JDGACTU,capacitors
C0805C823K5RACTU,capacitors
C0805X224K5RACTU,capacitors
C0402C123K4RACTU,capacitors
0805X475K250CT,capacitors
0805N331J500CT,capacitors
0402X104K6R3CT,capacitors
0603N6R8D500CT,capacitors
08051A681JAT2A,capacitors
08055A271JAT2A,capacitors
C0805C470F5GACTU,capacitors
STM32L011G4U6,microcontrollers
STM32H753BIT6,microcontrollers
STM32L431RBY6TR,microcontrollers
VLMS31K1L2-GS08,led diodes
NSS40201LT1G,transistors
MJB44H11T4G,transistors
BC848ALT1G,transistors
MMBT2907AWT1G,transistors
NTMFS3D1N04XMT1G,transistors
STL300N4LF8,transistors
IRLML0060TRPBF,transistors
IPF067N20NM6ATMA1,transistors
FDT86102LZ,transistors
SCT040W120G3-4AG,transistors
SPZT651T1G,transistors
163090-2,connectors
66259-5,connectors
DF62B-5EP-2.2C,connectors
928205-3,connectors
69176-008LF,connectors
794895-1,connectors
1-963217-1,connectors
172336-1,connectors
794781-1,connectors
DRC26-24SA,connectors
154719-2,connectors
1-967241-1,connectors
770421-1,connectors
184046-1,connectors
626063,connectors
776434-1,connectors
626065,connectors
173977-5,connectors
770017-1,connectors
261G3,connectors
916-BK,connectors
917-BK,connectors
200G1L-LPBK,connectors
MP16M23F,connectors
PM16S2024S32,connectors
200G3L-LPBK,connectors
908-BK,connectors
1339G3,connectors
2-2112966-2,connectors
964286-2,connectors
282465-1,connectors
60619-4,connectors
19300160428,connectors
19300161421,connectors
19300061541,connectors
09300061291,connectors
19300060447,connectors
963774-1,connectors
776300-2,connectors
66406-4,connectors
8-968972-2,connectors
3-1703841-1,connectors
928343-6,connectors
DF62-2428SCF,connectors
GT25-2024SCF,connectors
GT25-2428SCF,connectors
DF19-2830SCFA,connectors
DF62W-9S-2.2C,connectors
DF3-2428SCF,connectors
DF65-2428SCF,connectors
DF13-2S-1.25C,connectors
DF1B-10DEP-2.5RC,connectors
DF1B-12DS-2.5RC,connectors
DF11-2428SCF,connectors
VLRK31R1S2-GS08,led diodes
VLMW41S1T1-5K8L-18,led diodes
